TaskId,IssueUrl,Status
T001,https://github.com/QBS2026/Nabadat-Product/issues/241,already-created
T002,https://github.com/QBS2026/Nabadat-Product/issues/242,created
T003,https://github.com/QBS2026/Nabadat-Product/issues/243,created
T004,https://github.com/QBS2026/Nabadat-Product/issues/244,created
T005,https://github.com/QBS2026/Nabadat-Product/issues/245,created
T006,https://github.com/QBS2026/Nabadat-Product/issues/246,created
T007,https://github.com/QBS2026/Nabadat-Product/issues/247,created
T007a,https://github.com/QBS2026/Nabadat-Product/issues/248,created
T008,https://github.com/QBS2026/Nabadat-Product/issues/249,created
T009,https://github.com/QBS2026/Nabadat-Product/issues/250,created
T010,https://github.com/QBS2026/Nabadat-Product/issues/251,created
T011,https://github.com/QBS2026/Nabadat-Product/issues/252,created
T012,https://github.com/QBS2026/Nabadat-Product/issues/253,created
T013,https://github.com/QBS2026/Nabadat-Product/issues/254,created
T014,https://github.com/QBS2026/Nabadat-Product/issues/255,created
T015,https://github.com/QBS2026/Nabadat-Product/issues/256,created
T016,https://github.com/QBS2026/Nabadat-Product/issues/257,created
T017,https://github.com/QBS2026/Nabadat-Product/issues/258,created
T018,https://github.com/QBS2026/Nabadat-Product/issues/259,created
T019,https://github.com/QBS2026/Nabadat-Product/issues/260,created
T020,https://github.com/QBS2026/Nabadat-Product/issues/261,created
T021,https://github.com/QBS2026/Nabadat-Product/issues/262,created
T022,https://github.com/QBS2026/Nabadat-Product/issues/263,created
T023,https://github.com/QBS2026/Nabadat-Product/issues/264,created
T024,https://github.com/QBS2026/Nabadat-Product/issues/265,created
T025,https://github.com/QBS2026/Nabadat-Product/issues/266,created
T026,https://github.com/QBS2026/Nabadat-Product/issues/267,created
T027,https://github.com/QBS2026/Nabadat-Product/issues/268,created
T028,https://github.com/QBS2026/Nabadat-Product/issues/269,created
T029,https://github.com/QBS2026/Nabadat-Product/issues/270,created
T030,https://github.com/QBS2026/Nabadat-Product/issues/271,created
T031,https://github.com/QBS2026/Nabadat-Product/issues/272,created
T032,https://github.com/QBS2026/Nabadat-Product/issues/273,created
T033,https://github.com/QBS2026/Nabadat-Product/issues/274,created
T034,https://github.com/QBS2026/Nabadat-Product/issues/275,created
T035,https://github.com/QBS2026/Nabadat-Product/issues/276,created
T036,https://github.com/QBS2026/Nabadat-Product/issues/277,created
T037,https://github.com/QBS2026/Nabadat-Product/issues/278,created
T038,https://github.com/QBS2026/Nabadat-Product/issues/279,created
T039,https://github.com/QBS2026/Nabadat-Product/issues/280,created
T040,https://github.com/QBS2026/Nabadat-Product/issues/281,created
T041,https://github.com/QBS2026/Nabadat-Product/issues/282,created
T042,https://github.com/QBS2026/Nabadat-Product/issues/283,created
T043,https://github.com/QBS2026/Nabadat-Product/issues/284,created
T044,https://github.com/QBS2026/Nabadat-Product/issues/285,created
T045,https://github.com/QBS2026/Nabadat-Product/issues/286,created
T046,https://github.com/QBS2026/Nabadat-Product/issues/287,created
T047,https://github.com/QBS2026/Nabadat-Product/issues/288,created
T048,https://github.com/QBS2026/Nabadat-Product/issues/289,created
T049,https://github.com/QBS2026/Nabadat-Product/issues/290,created
T050,https://github.com/QBS2026/Nabadat-Product/issues/291,created
T051,https://github.com/QBS2026/Nabadat-Product/issues/292,created
T052,https://github.com/QBS2026/Nabadat-Product/issues/293,created
T053,https://github.com/QBS2026/Nabadat-Product/issues/294,created
T054,https://github.com/QBS2026/Nabadat-Product/issues/295,created
T055,https://github.com/QBS2026/Nabadat-Product/issues/296,created
T056,https://github.com/QBS2026/Nabadat-Product/issues/297,created
T057,https://github.com/QBS2026/Nabadat-Product/issues/298,created
T058,https://github.com/QBS2026/Nabadat-Product/issues/299,created
T059,https://github.com/QBS2026/Nabadat-Product/issues/300,created
T060,https://github.com/QBS2026/Nabadat-Product/issues/301,created
T061,https://github.com/QBS2026/Nabadat-Product/issues/302,created
T062,https://github.com/QBS2026/Nabadat-Product/issues/303,created
T063,https://github.com/QBS2026/Nabadat-Product/issues/304,created
T064,https://github.com/QBS2026/Nabadat-Product/issues/305,created
T065,https://github.com/QBS2026/Nabadat-Product/issues/306,created
T066,https://github.com/QBS2026/Nabadat-Product/issues/307,created
T067,https://github.com/QBS2026/Nabadat-Product/issues/308,created
T068,https://github.com/QBS2026/Nabadat-Product/issues/309,created
T069,https://github.com/QBS2026/Nabadat-Product/issues/310,created
T070,https://github.com/QBS2026/Nabadat-Product/issues/311,created
T071,https://github.com/QBS2026/Nabadat-Product/issues/312,created
T072,https://github.com/QBS2026/Nabadat-Product/issues/313,created
T073,https://github.com/QBS2026/Nabadat-Product/issues/314,created
T074,https://github.com/QBS2026/Nabadat-Product/issues/315,created
T075,https://github.com/QBS2026/Nabadat-Product/issues/316,created
T076,https://github.com/QBS2026/Nabadat-Product/issues/317,created
T077,https://github.com/QBS2026/Nabadat-Product/issues/318,created
T078,https://github.com/QBS2026/Nabadat-Product/issues/319,created
T079,https://github.com/QBS2026/Nabadat-Product/issues/320,created
T080,https://github.com/QBS2026/Nabadat-Product/issues/321,created
T081,https://github.com/QBS2026/Nabadat-Product/issues/322,created
T082,https://github.com/QBS2026/Nabadat-Product/issues/323,created
T083,https://github.com/QBS2026/Nabadat-Product/issues/324,created
T084,https://github.com/QBS2026/Nabadat-Product/issues/325,created
T085,https://github.com/QBS2026/Nabadat-Product/issues/326,created
T086,https://github.com/QBS2026/Nabadat-Product/issues/327,created
T087,https://github.com/QBS2026/Nabadat-Product/issues/328,created
T088,https://github.com/QBS2026/Nabadat-Product/issues/329,created
T089,https://github.com/QBS2026/Nabadat-Product/issues/330,created
T090,https://github.com/QBS2026/Nabadat-Product/issues/331,created
T091,https://github.com/QBS2026/Nabadat-Product/issues/332,created
T092,https://github.com/QBS2026/Nabadat-Product/issues/333,created
T093,https://github.com/QBS2026/Nabadat-Product/issues/334,created
T094,https://github.com/QBS2026/Nabadat-Product/issues/335,created
T095,https://github.com/QBS2026/Nabadat-Product/issues/336,created
T096,https://github.com/QBS2026/Nabadat-Product/issues/337,created
T097,https://github.com/QBS2026/Nabadat-Product/issues/338,created
T098,https://github.com/QBS2026/Nabadat-Product/issues/339,created
T099,https://github.com/QBS2026/Nabadat-Product/issues/340,created
T100,https://github.com/QBS2026/Nabadat-Product/issues/341,created
T101,https://github.com/QBS2026/Nabadat-Product/issues/342,created
T102,https://github.com/QBS2026/Nabadat-Product/issues/343,created
T103,https://github.com/QBS2026/Nabadat-Product/issues/344,created
T104,https://github.com/QBS2026/Nabadat-Product/issues/345,created
T105,https://github.com/QBS2026/Nabadat-Product/issues/346,created
T106,https://github.com/QBS2026/Nabadat-Product/issues/347,created
T107,https://github.com/QBS2026/Nabadat-Product/issues/348,created
T108,https://github.com/QBS2026/Nabadat-Product/issues/349,created
T109,https://github.com/QBS2026/Nabadat-Product/issues/350,created
T110,https://github.com/QBS2026/Nabadat-Product/issues/351,created
T111,https://github.com/QBS2026/Nabadat-Product/issues/352,created
T112,https://github.com/QBS2026/Nabadat-Product/issues/353,created
T113,https://github.com/QBS2026/Nabadat-Product/issues/354,created
T114,https://github.com/QBS2026/Nabadat-Product/issues/355,created
T115,https://github.com/QBS2026/Nabadat-Product/issues/356,created
T116,https://github.com/QBS2026/Nabadat-Product/issues/357,created
T117,https://github.com/QBS2026/Nabadat-Product/issues/358,created
T118,https://github.com/QBS2026/Nabadat-Product/issues/359,created
T119,https://github.com/QBS2026/Nabadat-Product/issues/360,created
T120,https://github.com/QBS2026/Nabadat-Product/issues/361,created
T121,https://github.com/QBS2026/Nabadat-Product/issues/362,created
T122,https://github.com/QBS2026/Nabadat-Product/issues/363,created
T123,https://github.com/QBS2026/Nabadat-Product/issues/364,created
T124,https://github.com/QBS2026/Nabadat-Product/issues/365,created
T125,https://github.com/QBS2026/Nabadat-Product/issues/366,created
T126,https://github.com/QBS2026/Nabadat-Product/issues/367,created
T127,https://github.com/QBS2026/Nabadat-Product/issues/368,created
T127a,https://github.com/QBS2026/Nabadat-Product/issues/369,created
T128,https://github.com/QBS2026/Nabadat-Product/issues/370,created
T129,https://github.com/QBS2026/Nabadat-Product/issues/371,created
T130,https://github.com/QBS2026/Nabadat-Product/issues/372,created
T131,https://github.com/QBS2026/Nabadat-Product/issues/373,created
T132,https://github.com/QBS2026/Nabadat-Product/issues/374,created
T133,https://github.com/QBS2026/Nabadat-Product/issues/375,created
T134,https://github.com/QBS2026/Nabadat-Product/issues/376,created
T135,https://github.com/QBS2026/Nabadat-Product/issues/377,created
T136,https://github.com/QBS2026/Nabadat-Product/issues/378,created
T137,https://github.com/QBS2026/Nabadat-Product/issues/379,created
T138,https://github.com/QBS2026/Nabadat-Product/issues/380,created
T139,https://github.com/QBS2026/Nabadat-Product/issues/381,created
T140,https://github.com/QBS2026/Nabadat-Product/issues/382,created
T141,https://github.com/QBS2026/Nabadat-Product/issues/383,created
T142,https://github.com/QBS2026/Nabadat-Product/issues/384,created
T143,https://github.com/QBS2026/Nabadat-Product/issues/385,created
T144,https://github.com/QBS2026/Nabadat-Product/issues/386,created
T145,https://github.com/QBS2026/Nabadat-Product/issues/387,created
T146,https://github.com/QBS2026/Nabadat-Product/issues/388,created
T147,https://github.com/QBS2026/Nabadat-Product/issues/389,created
T148,https://github.com/QBS2026/Nabadat-Product/issues/390,created
T149,https://github.com/QBS2026/Nabadat-Product/issues/391,created
T150,https://github.com/QBS2026/Nabadat-Product/issues/392,created
T151,https://github.com/QBS2026/Nabadat-Product/issues/393,created
T152,https://github.com/QBS2026/Nabadat-Product/issues/394,created
T153,https://github.com/QBS2026/Nabadat-Product/issues/395,created
T154,https://github.com/QBS2026/Nabadat-Product/issues/396,created
T155,https://github.com/QBS2026/Nabadat-Product/issues/397,created
T156,https://github.com/QBS2026/Nabadat-Product/issues/398,created
